onset,offset,label,bird,probs
2082.798961,2082.858961,1,Bl122,0.9471639
2002.660779,2002.665779,1,Bl122,0.97741514
559.554416,559.559416,1,Or61,0.97741514
1940.501779,1940.603779,0,Bl122,3.4192315e-15
1976.267779,1976.272779,1,Bl122,0.97741514
1988.380779,1988.385779,1,Bl122,0.97741514
558.602416,558.868416,0,Or61,1.579931e-32
755.770271,755.797271,0,Or61,1.3439646e-07
636.102417,636.149417,1,Or61,0.045506656
2219.939183,2219.964183,1,Bl122,0.9825454
2183.167183,2183.195183,1,Bl122,0.9944049
1970.007779,1970.023779,1,Bl122,0.011737203
767.996271,768.024271,0,Or61,0.0003752969
606.426417,606.533417,0,Or61,1.1540007e-14
1939.941779,1939.945779,1,Bl122,0.9372434
2100.572961,2100.574961,1,Bl122,0.97741514
1945.717779,1945.733779,1,Bl122,0.6261902
2111.222183,2111.232183,1,Bl122,0.05912378
7553.434715,7553.461715,0,Li145,1.4793005e-06
1990.111779,1990.117779,1,Bl122,0.95529515
721.333271,721.363271,0,Or61,1.56294e-09
1973.067779,1973.346779,0,Bl122,3.5052728e-23
2185.672183,2185.712183,1,Bl122,0.9953172
15274.855439,15275.024439,0,Ti81,4.8304837e-24
2229.246183,2229.252183,1,Bl122,0.9119051
1993.699779,1993.717779,1,Bl122,0.9693943
564.056416,564.082416,1,Or61,0.6292135
5873.211637,5873.226637,0,Li145,4.67923e-06
2013.619959,2013.625959,1,Bl122,0.9470592
9167.950583,9167.954583,0,Li145,0.97741514
1953.958779,1953.987779,0,Bl122,1.1675782e-08
223.361983,223.388983,0,Or61,2.658039e-07
2156.137183,2156.142183,1,Bl122,0.9806678
8083.290803,8083.317803,1,Li145,0.27879003
1938.158779,1938.164779,1,Bl122,0.9786115
2153.454183,2153.508183,0,Bl122,1.8409226e-09
8083.427803,8083.620803,0,Li145,1.179999e-27
15105.534256,15105.597256,0,Ti81,9.028788e-12
9537.186343,9537.219343,0,Li145,7.9962337e-10
1967.132779,1967.190779,1,Bl122,0.98737866
1957.981779,1958.180779,0,Bl122,3.871867e-30
2134.832183,2134.864183,0,Bl122,2.3352868e-08
15116.730981,15116.795981,0,Ti81,4.4345292e-08
600.033417,600.126417,0,Or61,1.5082618e-14
3414.736907,3414.761632,0,Ti81,9.583185e-07
2230.012183,2230.354183,0,Bl122,4.9782785e-36
613.826417,613.838417,1,Or61,0.75903857
551.928416,552.023416,0,Or61,5.426877e-16
2206.772183,2206.779183,1,Bl122,0.97741514
554.926416,555.110416,0,Or61,2.1431765e-26
499.298221,499.305221,1,Or61,0.9876703
1768.515657,1768.519657,1,Bl122,0.97741514
2013.910959,2013.914959,1,Bl122,0.9908432
1972.640779,1972.661779,1,Bl122,0.8413622
2167.971183,2168.007183,1,Bl122,0.9873406
1957.549779,1957.572779,0,Bl122,1.5002914e-05
1975.487779,1975.505779,1,Bl122,0.97258437
565.312416,565.342416,1,Or61,0.9807283
2003.934779,2003.966779,0,Bl122,2.2188027e-09
15083.4309,15083.4559,0,Ti81,4.2974687e-05
806.329882,806.372882,0,Or61,2.8047666e-08
2092.489961,2092.498961,1,Bl122,0.0059722885
2038.050469,2038.055469,1,Bl122,0.85859245
15138.860989,15138.935989,0,Ti81,2.1094547e-15
15247.379074,15247.545074,0,Ti81,8.486609e-21
1969.422779,1969.433779,1,Bl122,0.6856632
793.611827,793.730827,0,Or61,7.9711665e-18
497.616221,497.677221,1,Or61,0.9959462
786.572827,786.589827,0,Or61,0.003319098
781.122878,781.156878,0,Or61,3.8489233e-07
2147.105183,2147.125183,1,Bl122,0.98759323
2201.547183,2201.591183,1,Bl122,0.9888737
575.48071,575.67271,0,Or61,8.524593e-31
15128.038981,15128.107981,0,Ti81,1.0757142e-11
1800.502115,1800.620115,0,Bl122,2.8442026e-18
2070.345469,2070.622469,0,Bl122,3.2177475e-31
179.157971,179.295971,0,Or61,1.1185527e-19
2065.926469,2066.077469,0,Bl122,1.0801941e-15
15044.40533,15044.650119,0,Ti81,1.0230709e-36
789.364827,789.452827,0,Or61,4.8003024e-13
566.146416,566.355416,0,Or61,5.2293505e-34
1774.710974,1774.714974,1,Bl122,0.95459104
2204.758183,2205.092183,0,Bl122,2.0686723e-35
706.631271,706.639271,1,Or61,0.3559163
2136.431183,2136.442183,1,Bl122,0.49693748
15096.102823,15096.168823,0,Ti81,1.9424067e-10
15252.366074,15252.467074,0,Ti81,1.0452552e-13
548.661416,548.665416,1,Or61,0.9324936
531.218416,531.301416,0,Or61,2.37932e-13
2060.653469,2060.657469,0,Bl122,0.9721263
15096.652823,15096.694823,0,Ti81,2.8399913e-10
1973.450779,1973.463779,1,Bl122,0.97741514
2227.647183,2227.651183,1,Bl122,0.97741514
2215.533183,2215.545183,1,Bl122,0.9673611
533.632416,533.821416,0,Or61,5.570307e-28
89.263871,89.267871,1,Bl122,0.9693284
2179.610183,2179.615183,1,Bl122,0.9833657
2072.409469,2072.414469,1,Bl122,0.97741514
2208.540183,2208.761183,0,Bl122,2.5992817e-29
1965.302779,1965.306779,1,Bl122,0.97741514
9166.794583,9166.819583,0,Li145,2.4402689e-06
2211.618183,2211.623183,1,Bl122,0.8606347
2224.282183,2224.328183,1,Bl122,0.27094442
2188.002183,2188.063183,0,Bl122,3.5197967e-16
743.582271,743.594271,0,Or61,0.7384543
1960.974779,1960.989779,1,Bl122,0.94590807
14899.842327,14900.022908,0,Ti81,2.5842573e-26
1962.219779,1962.343779,0,Bl122,2.5142989e-21
2183.693183,2183.739183,1,Bl122,0.98368776
2234.532183,2234.537183,1,Bl122,0.9557118
2227.796183,2227.851183,0,Bl122,1.3947421e-09
15165.624257,15165.691257,0,Ti81,6.26108e-11
576.65171,576.72771,0,Or61,8.021009e-14
15264.618358,15264.686358,0,Ti81,2.7639523e-13
2183.053183,2183.057183,1,Bl122,0.97741514
15248.142074,15248.303074,0,Ti81,2.721081e-24
2159.714183,2159.722183,0,Bl122,0.9762048
217.675413,217.722413,0,Or61,1.1126721e-10
673.891078,673.941078,0,Or61,4.234689e-11
493.759221,493.788221,1,Or61,0.9166675
1992.866779,1992.871779,1,Bl122,0.9289917
15096.471823,15096.523823,0,Ti81,1.6869975e-09
2211.479183,2211.483183,1,Bl122,0.93600607
492.748221,492.779221,0,Or61,1.5547762e-08
1939.636779,1939.656779,1,Bl122,0.996999
626.742417,626.783417,1,Or61,0.9808201
15120.750909,15120.799981,0,Ti81,7.7961374e-07
606.840417,607.096417,0,Or61,1.8078379e-32
632.082417,632.149417,1,Or61,0.24614818
1949.821779,1949.828779,1,Bl122,0.97741514
2231.379183,2231.387183,1,Bl122,0.9771823
561.704416,561.950416,0,Or61,1.4824828e-31
1977.198779,1977.248779,0,Bl122,3.560678e-11
2040.631815,2040.635815,1,Li145,0.8735659
139.268615,139.523615,0,Or61,1.1790178e-35
2122.276183,2122.412183,0,Bl122,1.4409322e-25
2189.099183,2189.188183,1,Bl122,0.99930894
1992.964779,1992.982779,1,Bl122,0.8863543
1972.663779,1972.694779,1,Bl122,0.96892256
469.266221,469.316221,0,Or61,8.1872676e-13
2125.302183,2125.321183,1,Bl122,0.75857973
2006.651779,2006.761779,1,Bl122,0.99980253
2126.733183,2126.819183,0,Bl122,2.9272804e-15
2125.969183,2126.007183,1,Bl122,0.99392635
2213.026183,2213.075183,0,Bl122,3.8093714e-07
2226.533183,2226.552183,1,Bl122,0.98094326
804.411882,804.441882,0,Or61,2.8375329e-05
491.112221,491.154221,1,Or61,0.904254
389.082161,389.086161,1,Or61,0.7693825
2112.664183,2112.667183,1,Bl122,0.97741514
2000.953779,2000.963779,1,Bl122,0.9559114
1783.402323,1783.413323,0,Bl122,0.012635683
15034.514521,15034.596769,0,Ti81,1.090854e-13
2057.880469,2057.914469,1,Bl122,0.88881874
2170.517183,2170.762183,0,Bl122,1.6897231e-34
2039.494815,2039.518815,0,Li145,4.9913415e-06
773.074271,773.120271,0,Or61,3.286056e-06
14929.48246,14929.696911,0,Ti81,1.0808482e-25
2133.591183,2133.608183,0,Bl122,0.5280258
1768.529657,1768.592657,0,Bl122,1.902718e-12
414.714165,414.716165,1,Or61,0.97741514
2134.444183,2134.455183,1,Bl122,0.98387605
491.462221,491.746221,0,Or61,4.035432e-33
3470.354218,3470.461444,0,Ti81,1.9899888e-16
2164.293183,2164.300183,1,Bl122,0.98208445
704.183271,704.187271,1,Or61,0.9208417
9166.297583,9166.326583,0,Li145,5.666082e-05
15262.332358,15262.370358,0,Ti81,3.3449876e-10
15118.385981,15118.450981,0,Ti81,7.0688526e-05
2202.175183,2202.403183,0,Bl122,4.9811656e-29
15036.545248,15036.60088,0,Ti81,1.4394105e-10
2180.670183,2180.745183,0,Bl122,5.2033684e-17
15043.968038,15044.12976,0,Ti81,5.6568915e-25
2038.214469,2038.233469,1,Bl122,0.7883801
398.011529,398.033529,0,Or61,3.5896548e-07
2002.672779,2002.740779,0,Bl122,5.733672e-13
3419.844569,3419.960688,0,Ti81,1.1282523e-16
5888.451515,5888.474515,0,Li145,3.0197289e-06
3419.343951,3419.383814,0,Ti81,3.2417847e-06
3498.489086,3498.543086,0,Li145,4.3462085e-05
15070.234682,15070.291682,0,Ti81,9.995211e-09
9172.869804,9172.875804,0,Li145,0.8401068
2121.790183,2121.822183,0,Bl122,1.1182155e-08
2191.052183,2191.057183,1,Bl122,0.91770387
2214.505183,2214.789183,0,Bl122,1.3934593e-33
1485.459018,1485.474018,0,Li145,0.0025448871
2120.210183,2120.315183,0,Bl122,7.015302e-22
491.439221,491.459221,1,Or61,0.9716409
2223.651183,2223.660183,0,Bl122,0.077405326
15277.162412,15277.386919,0,Ti81,2.5503276e-08
15264.340358,15264.365358,0,Ti81,0.009903721
390.265161,390.315161,0,Or61,1.7472533e-10
764.389271,764.415271,0,Or61,1.1301249e-05
2029.072908,2029.242908,0,Bl122,1.0098332e-29
2122.493183,2122.522183,0,Bl122,3.8842046e-07
472.394221,472.404221,1,Or61,0.95908904
2139.129183,2139.138183,1,Bl122,0.97741514
727.413271,727.432271,0,Or61,0.0014082091
2212.689183,2212.730183,1,Bl122,0.9989361
2124.613183,2124.776183,0,Bl122,4.2350935e-22
2213.660183,2213.670183,1,Bl122,0.88349825
748.449271,748.483271,0,Or61,9.3911825e-07
2185.001183,2185.006183,1,Bl122,0.922767
2156.455183,2156.601183,0,Bl122,3.0525389e-24
6332.664902,6332.700902,0,Li145,1.1164445e-08
2159.435183,2159.465183,1,Bl122,0.9977107
738.972271,739.011271,0,Or61,4.2450748e-10
626.169417,626.173417,1,Or61,0.97741514
719.557271,719.640271,0,Or61,1.0031899e-12
15031.360699,15031.427305,0,Ti81,4.717303e-11
504.309221,504.316221,1,Or61,0.9897317
1939.965779,1940.292779,0,Bl122,3.0066422e-27
2072.489469,2072.495469,1,Bl122,0.8516438
603.028417,603.047417,1,Or61,0.96141124
619.003417,619.027417,0,Or61,4.7661712e-07
2126.044183,2126.055183,1,Bl122,0.8634561
5885.183674,5885.190674,0,Li145,0.8082619
2139.933183,2140.148183,0,Bl122,9.516361e-17
15117.118981,15117.141981,0,Ti81,4.7332313e-05
752.558271,752.620271,0,Or61,2.6768456e-07
2032.454469,2032.534469,0,Bl122,1.2370081e-16
2182.326183,2182.330183,1,Bl122,0.8656237
1788.796115,1788.826115,0,Bl122,0.0026396713
818.631882,818.801882,0,Or61,1.4462976e-23
3624.787464,3624.793464,0,Li145,0.073238075
2121.286183,2121.319183,1,Bl122,0.9923954
15055.130966,15055.317419,0,Ti81,4.7760008e-05
529.256416,529.260416,1,Or61,0.9802806
3410.512721,3410.679741,0,Ti81,1.8894977e-29
2054.270469,2054.294469,0,Bl122,1.774498e-05
14943.86924,14944.046983,0,Ti81,1.004111e-34
2184.207183,2184.237183,0,Bl122,5.4523486e-08
1946.287779,1946.298779,1,Bl122,0.93118477
815.618882,815.714882,0,Or61,1.1982171e-17
1984.292779,1984.305779,1,Bl122,0.32692876
601.379417,601.441417,0,Or61,1.0380199e-12
494.646221,494.673221,0,Or61,3.0336685e-07
2000.059779,2000.068779,1,Bl122,0.97741514
9181.040829,9181.044829,0,Li145,0.61619484
15280.850439,15281.064439,0,Ti81,6.6865166e-30
15049.236966,15049.299966,0,Ti81,2.274909e-10
8097.881141,8097.922141,0,Li145,4.3505127e-10
5888.591515,5888.715515,0,Li145,4.6758085e-19
15116.530981,15116.661981,0,Ti81,1.8250717e-16
1999.013779,1999.025779,1,Bl122,0.84220654
795.030827,795.123827,0,Or61,2.4130517e-18
747.168271,747.193271,0,Or61,1.5438298e-05
2168.665183,2168.678183,1,Bl122,0.026757924
530.999416,531.159416,0,Or61,2.5271155e-22
477.060221,477.078221,0,Or61,0.039417606
15265.628358,15265.810358,0,Ti81,2.882406e-28
1486.186018,1486.205018,0,Li145,0.015159983
2003.660779,2003.664779,1,Bl122,0.9570706
1790.349115,1790.354115,1,Bl122,0.90470797
553.469416,553.559416,0,Or61,7.3064296e-14
15127.472981,15127.492981,0,Ti81,2.6642272e-05
1976.765779,1976.768779,1,Bl122,0.8430313
2054.806469,2054.808469,1,Bl122,0.97741514
1966.014779,1966.025779,0,Bl122,0.25080043
542.402416,542.437416,0,Or61,8.6272325e-07
631.793417,631.814417,1,Or61,0.9848459
7550.323715,7550.337715,0,Li145,0.0007418409
2196.574183,2196.577183,1,Bl122,0.60811913
2213.594183,2213.650183,0,Bl122,2.1095355e-11
2156.765183,2156.800183,0,Bl122,2.7235753e-06
2098.836961,2099.000961,0,Bl122,1.0433296e-27
812.572882,812.651882,0,Or61,2.2347667e-14
15272.724439,15272.805439,0,Ti81,8.108204e-15
628.111417,628.169417,0,Or61,2.6037561e-11
2013.320959,2013.369959,1,Bl122,0.9985668
501.707221,501.712221,1,Or61,0.9427365
2048.170469,2048.206469,0,Bl122,3.540898e-07
1971.146779,1971.189779,0,Bl122,4.226737e-09
719.930271,720.207271,0,Or61,1.2701206e-32
477.596221,477.693221,0,Or61,4.086444e-18
15298.603664,15298.664664,0,Ti81,4.3239554e-11
5704.651085,5704.800085,0,Li145,6.553397e-27
1784.77843,1785.12943,0,Bl122,2.474161e-33
15214.07658,15214.21858,0,Ti81,1.3059918e-25
805.234882,805.350882,0,Or61,2.2247717e-18
529.171416,529.181416,1,Or61,0.9503695
2141.817183,2141.843183,1,Bl122,0.030863462
15026.838048,15026.859367,0,Ti81,0.0016316094
2057.858469,2057.861469,1,Bl122,0.97741514
2141.169183,2141.175183,1,Bl122,0.8508062
429.040969,429.094969,0,Or61,2.0471927e-10
753.207271,753.302271,0,Or61,6.5177286e-17
671.810078,672.090078,0,Or61,7.857298e-31
550.982416,551.007416,0,Or61,0.0011243767
2077.520823,2077.528823,1,Bl122,0.9738972
3541.629627,3541.775076,0,Ti81,7.9074376e-20
546.328416,546.340416,0,Or61,0.011677755
15343.855971,15343.898971,0,Ti81,9.346648e-06
2140.798183,2140.801183,1,Bl122,0.97741514
534.421416,534.433416,1,Or61,0.9732035
482.281221,482.322221,0,Or61,3.1377702e-08
2183.783183,2183.792183,1,Bl122,0.97460926
815.494882,815.616882,0,Or61,1.6914689e-21
7550.826715,7550.838715,0,Li145,0.1346812
2125.588183,2125.635183,1,Bl122,0.92042994
2129.755183,2129.924183,0,Bl122,3.116603e-26
1752.489451,1752.588451,0,Bl122,3.5345146e-17
2128.761183,2128.765183,1,Bl122,0.97741514
2042.027469,2042.031469,1,Bl122,0.9430389
1994.557779,1994.647779,0,Bl122,4.67615e-18
764.788271,764.798271,0,Or61,0.010435686
927.095382,927.261392,0,Ti81,1.6246346e-30
1984.395779,1984.409779,1,Bl122,0.81221807
15207.70758,15207.76458,0,Ti81,0.0017201564
1949.145779,1949.203779,1,Bl122,0.9409989
5873.148637,5873.169637,0,Li145,9.642499e-07
773.178271,773.181271,1,Or61,0.3124928
542.878416,542.895416,0,Or61,0.0006017579
2200.442183,2200.722183,0,Bl122,1.4599172e-30
3418.004135,3418.138609,0,Ti81,4.3693576e-17
2153.612183,2153.670183,0,Bl122,1.6678212e-12
2181.459183,2181.464183,1,Bl122,0.97741514
1788.173115,1788.338115,0,Bl122,2.0320024e-24
746.551271,746.572271,0,Or61,4.707986e-05
1956.402779,1956.416779,1,Bl122,0.8113856
2234.497183,2234.502183,1,Bl122,0.98283017
2078.567823,2078.577823,1,Bl122,0.8861474
9164.310583,9164.493583,0,Li145,8.691257e-33
2177.596183,2177.625183,1,Bl122,0.056028992
1947.244779,1947.256779,1,Bl122,0.9860449
489.778221,489.826221,1,Or61,0.9898351
1949.636779,1949.816779,0,Bl122,2.63748e-26
2184.088183,2184.181183,0,Bl122,1.6230107e-16
2038.675469,2038.692469,1,Bl122,0.9941176
3541.43044,3541.49528,0,Ti81,1.850874e-11
2058.999469,2059.002469,1,Bl122,0.9774375
790.017827,790.038827,1,Or61,0.92372435
2173.860183,2173.934183,0,Bl122,0.011011452
402.945692,402.991692,1,Or61,0.9501548
1971.635779,1971.669779,1,Bl122,0.7392105
15297.962664,15298.022664,0,Ti81,6.418025e-10
1994.660779,1994.972779,0,Bl122,3.604029e-35
1951.427779,1951.475779,1,Bl122,0.99817836
15030.363122,15030.643423,0,Ti81,1.1462106e-26
710.556271,710.683271,0,Or61,1.132087e-20
2162.459183,2162.487183,0,Bl122,5.973665e-06
2195.439183,2195.451183,1,Bl122,0.82791704
2216.043183,2216.065183,0,Bl122,9.3121827e-07
1800.669115,1800.774115,1,Bl122,0.9875217
599.323417,599.488417,0,Or61,2.2282867e-27
15275.177439,15275.429439,0,Ti81,4.4494403e-31
1993.313779,1993.612779,0,Bl122,3.5935585e-25
2199.625183,2199.632183,1,Bl122,0.97741514
15151.830716,15151.915716,0,Ti81,1.015742e-11
14945.097352,14945.365732,0,Ti81,5.352871e-34
1798.969115,1798.972115,1,Bl122,0.98581034
316.054384,316.301384,0,Or61,1.0536109e-30
15096.285823,15096.392823,0,Ti81,4.72889e-14
2211.803183,2211.806183,1,Bl122,0.97741514
2059.644469,2059.649469,1,Bl122,0.97741514
503.821221,503.882221,0,Or61,7.5353563e-07
757.665271,757.683271,0,Or61,0.0009265918
701.549271,701.634271,0,Or61,9.296664e-16
2136.472183,2136.493183,1,Bl122,0.15468808
2179.213183,2179.587183,0,Bl122,4.1247495e-34
1970.593779,1970.626779,0,Bl122,0.00039648617
2228.295183,2228.483183,0,Bl122,6.1393374e-29
1975.145779,1975.158779,1,Bl122,0.87779415
2187.133183,2187.138183,0,Bl122,0.5484346
15288.524298,15288.588439,0,Ti81,1.0481011e-07
631.384417,631.404417,0,Or61,0.00031963296
2084.061961,2084.087961,0,Bl122,1.5720227e-06
1940.912779,1940.917779,1,Bl122,0.97741514
15138.376989,15138.452989,0,Ti81,7.517623e-15
2214.114183,2214.119183,1,Bl122,0.9287025
15022.204638,15022.274398,0,Ti81,6.397578e-10
15097.481823,15097.797823,0,Ti81,6.3871586e-31
2202.753183,2202.759183,1,Bl122,0.9295849
3547.850355,3547.907878,0,Ti81,1.6680551e-10
753.424271,753.441271,1,Or61,0.22752717
1950.507779,1950.510779,1,Bl122,0.97741514
479.549221,479.702221,0,Or61,5.839053e-22
14902.342483,14902.357273,0,Ti81,0.001929627
5885.082674,5885.091674,0,Li145,0.5404746
808.564882,808.681882,0,Or61,1.5534883e-21
1935.084613,1935.137613,1,Bl122,0.2680758
719.775271,719.779271,1,Or61,0.98836297
15063.571966,15063.751966,0,Ti81,2.5265262e-23
14731.014098,14731.12145,0,Ti81,1.9390736e-19
2047.094469,2047.297469,0,Bl122,2.0420367e-29
2094.928961,2094.952961,0,Bl122,6.434162e-08
2140.441183,2140.491183,1,Bl122,0.98801255
180.049971,180.055971,0,Or61,0.45190707
2166.487183,2166.495183,1,Bl122,0.53653514
718.398271,718.582271,0,Or61,0.84533113
2143.291183,2143.303183,1,Bl122,0.97009665
804.225882,804.344882,0,Or61,5.130247e-13
1814.393379,1814.585379,0,Bl122,9.230491e-28
406.520692,406.525692,1,Or61,0.9246969
733.989271,734.033271,0,Or61,3.0356503e-08
1787.197115,1787.246115,0,Bl122,3.7268286e-11
4578.125821,4578.192931,0,Ti81,1.04201224e-10
1794.638115,1794.669115,0,Bl122,8.315746e-05
2195.370183,2195.400183,1,Bl122,0.7252057
674.250078,674.262078,1,Or61,0.98839265
2170.984183,2170.994183,1,Bl122,0.844553
15327.303625,15327.398937,0,Ti81,1.0935957e-09
7547.663781,7547.768781,0,Li145,4.8660286e-17
604.922417,604.950417,1,Or61,0.22085811
2181.471183,2181.637183,0,Bl122,1.503291e-13
560.315416,560.393416,0,Or61,8.2429905e-12
2123.973183,2124.216183,0,Bl122,1.7339593e-30
718.890271,718.913271,0,Or61,4.4488092e-07
622.179417,622.209417,1,Or61,0.86972815
2120.097183,2120.194183,0,Bl122,4.858676e-20
14942.803544,14942.86933,0,Ti81,1.4386973e-13
4921.813507,4921.924507,0,Li145,3.8696765e-14
2001.528779,2001.700779,0,Bl122,1.1370087e-26
2209.720183,2209.723183,1,Bl122,0.98518825
472.581221,472.588221,1,Or61,0.9435459
2008.362779,2008.370779,1,Bl122,0.97741514
5841.187404,5841.192404,0,Li145,0.4185431
5720.001018,5720.240018,0,Li145,2.7888714e-33
15328.682625,15328.704625,0,Ti81,8.788175e-06
15075.102623,15075.116402,0,Ti81,0.00056756585
2140.176183,2140.181183,1,Bl122,0.9240342
1968.043779,1968.061779,0,Bl122,1.1513515e-06
557.325416,557.328416,1,Or61,0.97741514
89.274871,89.477871,0,Bl122,4.0471896e-28
15165.894257,15165.969257,0,Ti81,1.1299246e-14
15132.764989,15132.832989,0,Ti81,3.5230418e-08
2126.334183,2126.405183,1,Bl122,0.9859709
818.810882,818.830882,0,Or61,8.4615385e-05
1968.968779,1968.983779,1,Bl122,0.8032703
176.070735,176.332735,0,Or61,2.1620225e-33
494.969221,494.994221,0,Or61,1.2036294e-06
217.952413,217.961413,1,Or61,0.75110364
2166.057183,2166.392183,0,Bl122,9.336541e-31
805.378882,805.539882,0,Or61,6.393511e-19
725.121271,725.135271,0,Or61,0.00034348984
199.500012,199.512012,1,Or61,0.9859899
201.541012,201.543012,1,Or61,0.97741514
15240.832874,15240.992874,0,Ti81,9.383679e-22
2178.963183,2178.972183,1,Bl122,0.9018072
2179.026183,2179.036183,1,Bl122,0.9885825
763.087271,763.407271,0,Or61,5.312744e-38
1791.873115,1791.992115,0,Bl122,6.556896e-20
3.583816,3.595816,1,Or61,0.90416354
485.001221,485.098221,0,Or61,1.0645711e-16
2078.580823,2078.722823,0,Bl122,1.5224272e-25
6956.734877,6956.751877,0,Li145,0.023773987
480.495221,480.540221,1,Or61,0.9946979
15299.264664,15299.451664,0,Ti81,3.5524827e-30
1975.456779,1975.459779,1,Bl122,0.97741514
726.988271,727.158271,0,Or61,7.6689384e-11
701.277271,701.294271,0,Or61,3.892655e-06
770.923271,770.930271,1,Or61,0.9126799
635.898417,635.928417,0,Or61,6.582242e-06
921.272524,921.442319,0,Ti81,1.0468573e-28
6334.201902,6334.219902,0,Li145,2.4450756e-05
15286.997439,15287.054439,0,Ti81,7.716666e-06
1991.102779,1991.113779,1,Bl122,0.97781587
2183.222183,2183.238183,1,Bl122,0.88597053
627.267417,627.494417,0,Or61,5.747439e-34
748.697271,748.763271,0,Or61,2.6924742e-09
2186.551183,2186.788183,0,Bl122,2.7429182e-29
2212.355183,2212.522183,0,Bl122,2.450721e-28
2187.546183,2187.549183,1,Bl122,0.97741514
3579.656097,3579.659097,0,Li145,0.97252685
541.643416,541.649416,1,Or61,0.9823017
15119.538981,15119.717981,0,Ti81,2.7763728e-29
2193.728183,2193.823183,0,Bl122,2.5560357e-07
2223.900183,2223.917183,1,Bl122,0.9396116
15093.080823,15093.192823,0,Ti81,2.4367132e-18
713.054271,713.070271,1,Or61,0.045785043
15328.534625,15328.578625,0,Ti81,3.3959367e-08
2034.074469,2034.077469,1,Bl122,0.97741514
385.324161,385.381161,0,Or61,1.6964695e-11
2093.646961,2093.671961,0,Bl122,0.0021578192
2210.153183,2210.199183,1,Bl122,0.06726781
2185.435183,2185.511183,1,Bl122,0.14545853
1976.667779,1976.677779,1,Bl122,0.95323193
810.313882,810.378882,0,Or61,5.5466385e-11
5690.535388,5690.696388,0,Li145,2.824272e-21
471.637221,471.672221,0,Or61,4.772429e-07
3448.527744,3448.545216,0,Ti81,4.025038e-05
15262.753358,15262.839358,0,Ti81,5.000105e-15
771.089271,771.092271,1,Or61,0.98206276
8829.159654,8829.173654,0,Li145,0.024209542
2200.376183,2200.415183,1,Bl122,0.96891326
2052.277469,2052.371469,0,Bl122,1.9169807e-18
720.611271,720.623271,0,Or61,0.00034137312
15251.793074,15251.837074,0,Ti81,8.8646146e-08
15257.112114,15257.273114,0,Ti81,6.6141784e-26
8083.878803,8083.881803,1,Li145,0.9801226
15057.605966,15057.630966,0,Ti81,1.8289564e-05
2162.872183,2162.875183,1,Bl122,0.97741514
8865.068987,8865.109987,0,Li145,1.4031605e-09
1985.881779,1985.902779,1,Bl122,0.9775679
699.026271,699.233271,0,Or61,4.064742e-32
1794.797115,1794.999115,0,Bl122,9.8341636e-29
7551.038715,7551.061715,0,Li145,1.18706275e-05
756.227271,756.308271,0,Or61,5.4146665e-12
626.716417,626.720417,1,Or61,0.97822326
2200.075183,2200.114183,1,Bl122,0.9638947
518.739221,518.745221,1,Or61,0.703474
2114.544183,2114.552183,1,Bl122,0.97259504
15040.018602,15040.042192,0,Ti81,6.3479397e-06
813.575882,813.583882,1,Or61,0.9031622
1953.457779,1953.460779,1,Bl122,0.97741514
505.791221,505.824221,0,Or61,6.6520346e-07
3580.052097,3580.062097,1,Li145,0.97596383
8097.070141,8097.095141,0,Li145,1.2782031e-06
15156.757257,15156.816257,0,Ti81,2.789588e-08
2038.740469,2038.755469,1,Bl122,0.9401474
2158.356183,2158.392183,1,Bl122,0.07911964
2198.214183,2198.234183,1,Bl122,0.646954
15069.393682,15069.457682,0,Ti81,7.266679e-11
8097.728141,8097.742141,0,Li145,0.0009368459
15096.051823,15096.081823,0,Ti81,4.1645328e-07
537.861416,537.984416,0,Or61,2.2890006e-19
1984.354779,1984.368779,1,Bl122,0.98427725
1986.485779,1986.494779,1,Bl122,0.89914757
2197.783183,2197.791183,1,Bl122,0.97741514
397.190529,397.359529,0,Or61,1.3046142e-30
2221.146183,2221.157183,0,Bl122,0.009686944
2099.559961,2099.566961,1,Bl122,0.6417243
2178.871183,2178.897183,1,Bl122,0.41252026
1792.971115,1792.974115,1,Bl122,0.97741514
1993.638779,1993.646779,1,Bl122,0.91879636
9165.683583,9165.689583,1,Li145,0.84254235
501.721221,501.727221,1,Or61,0.9723953
2077.225823,2077.369823,0,Bl122,3.5070235e-24
747.096271,747.103271,1,Or61,0.8988636
1974.063779,1974.103779,0,Bl122,3.3693565e-11
2194.817183,2194.902183,0,Bl122,1.1532999e-12
715.248271,715.380271,0,Or61,2.6022068e-15
529.150416,529.157416,1,Or61,0.80746543
2116.184183,2116.189183,1,Bl122,0.97741514
5707.165085,5707.172085,1,Li145,0.9096314
15078.284682,15078.375682,0,Ti81,2.95133e-08
726.404271,726.704271,0,Or61,1.0184183e-35
2070.185469,2070.188469,1,Bl122,0.9217012
2183.066183,2183.095183,0,Bl122,0.00040282457
1987.923779,1987.932779,0,Bl122,0.014263859
1981.176779,1981.435779,0,Bl122,1.550734e-30
720.943271,720.949271,1,Or61,0.6653476
8740.746692,8740.764692,0,Li145,0.23695692
395.772529,395.823529,0,Or61,1.0938794e-09
2148.494183,2148.546183,1,Bl122,0.6911459
793.194827,793.201827,1,Or61,0.990927
2183.430183,2183.608183,0,Bl122,6.415224e-21
2225.387183,2225.848183,0,Bl122,2.1893133e-31
947.717774,947.985208,0,Ti81,1.4429672e-33
5719.817018,5719.878018,0,Li145,8.295599e-14
5872.947637,5872.967637,0,Li145,3.1451683e-07
762.287271,762.465271,0,Or61,1.1275033e-24
1969.534779,1969.545779,1,Bl122,0.7986753
1940.821779,1940.824779,1,Bl122,0.97741514
1788.582115,1788.651115,1,Bl122,0.98629355
499.003221,499.030221,1,Or61,0.89282304
2158.714183,2158.955183,0,Bl122,7.4182516e-32
749.741271,749.744271,1,Or61,0.97741514
300.61956,300.71156,0,Or61,1.1118841e-08
2159.223183,2159.248183,1,Bl122,0.45259035
15309.100373,15309.121373,0,Ti81,0.0028842443
636.314417,636.332417,0,Or61,0.004857226
14928.099754,14928.122839,0,Ti81,2.5706277e-06
15257.523114,15257.677114,0,Ti81,3.856028e-27
2217.086183,2217.106183,1,Bl122,0.68985724
627.539417,627.563417,1,Or61,0.9856102
568.705467,568.726467,0,Or61,9.050121e-07
2099.146961,2099.152961,1,Bl122,0.79972243
1799.666115,1799.669115,1,Bl122,0.97741514
15326.027488,15326.104488,0,Ti81,4.3397734e-13
2029.588908,2029.602908,1,Bl122,0.9744892
15106.790256,15106.938256,0,Ti81,1.93462e-25
2173.082183,2173.383183,0,Bl122,3.2411544e-31
471.053221,471.075221,0,Or61,0.0023029437
716.666271,716.700271,0,Or61,4.502926e-05
2168.322183,2168.427183,0,Bl122,8.159139e-18
534.316416,534.341416,0,Or61,2.1043622e-06
15238.289874,15238.431874,0,Ti81,1.5051987e-21
15036.069923,15036.146243,0,Ti81,2.2051583e-09
1965.313779,1965.335779,0,Bl122,0.001698149
1949.265779,1949.276779,1,Bl122,0.6864216
15095.740823,15095.875823,0,Ti81,2.8559852e-20
554.476416,554.567416,0,Or61,4.0019423e-15
2124.585183,2124.592183,1,Bl122,0.93591815
2039.645815,2039.659815,0,Li145,0.0024126514
5705.989085,5706.015085,0,Li145,1.1362873e-06
804.077882,804.201882,0,Or61,4.434664e-16
7551.369715,7551.593715,0,Li145,3.8321345e-30
544.530416,544.931416,0,Or61,2.3198302e-33
2226.701183,2226.709183,1,Bl122,0.83624536
2118.159183,2118.302183,0,Bl122,5.751255e-19
15334.89101,15334.96001,0,Ti81,2.8374097e-13
3580.495097,3580.514097,0,Li145,7.601429e-05
15244.031874,15244.066874,0,Ti81,0.004299829
2147.558183,2148.083183,0,Bl122,9.001635e-31
529.796416,529.895416,0,Or61,2.3162846e-14
1783.234323,1783.247323,0,Bl122,0.050824676
752.342271,752.407271,0,Or61,2.3632379e-12
15069.679682,15070.064682,0,Ti81,5.2524052e-33
15110.066256,15110.081256,0,Ti81,0.020454332
2037.484469,2037.522469,1,Bl122,0.06549902
493.705221,493.751221,1,Or61,0.9785583
2195.561183,2195.630183,1,Bl122,0.9980755
3449.236064,3449.470329,0,Ti81,2.1721135e-07
15075.386682,15075.450682,0,Ti81,2.5626393e-12
2061.183469,2061.191469,1,Bl122,0.918658
2140.606183,2140.621183,1,Bl122,0.9237438
609.094417,609.277417,0,Or61,4.964099e-19
507.186221,507.297221,0,Or61,3.1285855e-19
3419.695147,3419.808427,0,Ti81,1.1289745e-18
2226.678183,2226.688183,1,Bl122,0.9177611
2163.783183,2163.807183,0,Bl122,1.9105923e-07
547.437416,547.478416,0,Or61,1.9974185e-09
1981.877779,1982.007779,0,Bl122,5.43159e-19
744.626271,744.630271,1,Or61,0.7789193
559.178416,559.408416,0,Or61,3.4310966e-37
1972.952779,1972.966779,0,Bl122,0.0015712566
1800.077115,1800.086115,1,Bl122,0.8256017
214.059857,214.139857,0,Or61,1.6466529e-12
15060.189966,15060.359966,0,Ti81,1.309598e-26
15036.152172,15036.210578,0,Ti81,1.676852e-11
390.181161,390.262161,0,Or61,1.8163647e-13
2198.771183,2198.941183,0,Bl122,9.0928046e-26
2231.176183,2231.180183,1,Bl122,0.95249474
721.982271,722.228271,0,Or61,4.0972874e-28
632.779417,632.786417,1,Or61,0.986679
15277.626439,15277.715439,0,Ti81,9.587018e-12
1935.149613,1935.230613,0,Bl122,0.00029657656
15341.368971,15341.476971,0,Ti81,1.8320782e-20
721.085271,721.195271,0,Or61,2.9905587e-20
2057.093469,2057.225469,0,Bl122,1.084818e-17
492.104221,492.384221,0,Or61,1.15362744e-20
9168.253583,9168.259583,0,Li145,0.7982368
722.952271,723.227271,0,Or61,3.0410054e-19
2203.636183,2203.672183,0,Bl122,1.7283611e-09
6333.377902,6333.382902,0,Li145,0.636963
606.638417,606.708417,0,Or61,1.8017234e-14
179.932971,179.975971,0,Or61,1.0213502e-08
501.032221,501.177221,0,Or61,3.3123875e-24
1942.306779,1942.333779,0,Bl122,1.12795355e-08
289.884864,290.080864,0,Or61,3.247023e-29
1952.725779,1952.968779,0,Bl122,1.7448087e-29
562.855416,563.051416,0,Or61,1.5023927e-22
2036.994469,2037.124469,0,Bl122,1.9148682e-26
2202.507183,2202.724183,0,Bl122,8.668656e-30
726.305271,726.311271,1,Or61,0.56226647
704.918271,704.941271,0,Or61,0.000498343
15251.705074,15251.791074,0,Ti81,2.5556334e-13
942.774546,942.997828,0,Ti81,2.1058686e-30
743.332271,743.402271,0,Or61,2.5480727e-11
485.197221,485.215221,0,Or61,1.5476226e-05
211.778765,211.783765,1,Or61,0.44045183
15096.557823,15096.648823,0,Ti81,1.8993975e-15
2064.798469,2065.047469,0,Bl122,8.774025e-36
15225.492443,15225.885443,0,Ti81,5.0730595e-36
2195.903183,2195.922183,0,Bl122,6.3860725e-06
551.021416,551.111416,0,Or61,3.94332e-18
8091.779536,8091.794536,0,Li145,0.0056124204
1785.30943,1785.31843,1,Bl122,0.66315395
2145.486183,2145.505183,0,Bl122,0.0013311387
201.073012,201.098012,1,Or61,0.25781873
15041.799936,15041.877769,0,Ti81,3.0728668e-17
2172.813183,2172.816183,1,Bl122,0.97741514
15076.365682,15076.525682,0,Ti81,2.951115e-24
3449.569599,3449.77194,0,Ti81,2.7127834e-21
487.299221,487.302221,1,Or61,0.89730275
15215.53158,15215.55858,0,Ti81,1.470791e-05
2222.287183,2222.429183,0,Bl122,1.0477997e-14
752.165271,752.334271,0,Or61,2.1822979e-26
2054.706469,2054.712469,1,Bl122,0.81405723
15165.058257,15165.101257,0,Ti81,6.2474396e-06
2155.743183,2155.769183,1,Bl122,0.95273787
2005.824779,2005.827779,1,Bl122,0.9785784
1988.009779,1988.060779,0,Bl122,5.825769e-11
1978.772779,1979.093779,0,Bl122,6.8221293e-34
1960.691779,1960.900779,0,Bl122,6.8895454e-28
2095.583961,2095.592961,1,Bl122,0.9591975
1770.690657,1770.719657,0,Bl122,7.745485e-07
4905.954385,4905.994385,0,Li145,2.6663767e-07
2198.760183,2198.767183,1,Bl122,0.97741514
1769.600657,1769.609657,1,Bl122,0.9907426
2038.728469,2038.735469,1,Bl122,0.8836291
15328.363625,15328.498719,0,Ti81,5.3015794e-19
15208.83558,15208.87658,0,Ti81,4.029504e-07
483.490221,483.526221,1,Or61,0.96925956
600.131417,600.206417,0,Or61,3.311466e-16
804.374882,804.378882,1,Or61,0.8868902
15072.169618,15072.347682,0,Ti81,2.6663217e-33
7547.278781,7547.290781,1,Li145,0.57214546
15033.753219,15033.833323,0,Ti81,3.048958e-14
2186.014183,2186.145183,0,Bl122,4.0327636e-21
507.305221,507.377221,0,Or61,2.652496e-13
2190.891183,2190.913183,1,Bl122,0.96628165
480.986221,481.009221,0,Or61,4.867142e-07
499.369221,499.392221,1,Or61,0.23696108
1992.027779,1992.032779,1,Bl122,0.96987253
402.994692,403.136692,0,Or61,6.05563e-20
2215.750183,2215.773183,0,Bl122,3.0257794e-05
413.673165,413.675165,1,Or61,0.97741514
771.391271,771.402271,1,Or61,0.8313295
475.337221,475.356221,0,Or61,0.004747738
15281.230439,15281.476439,0,Ti81,2.3707442e-32
2217.958183,2217.964183,1,Bl122,0.9340031
554.692416,554.767416,0,Or61,3.7436262e-08
751.270271,751.486271,0,Or61,8.338056e-31
754.634271,754.640271,1,Or61,0.6302101
1800.025115,1800.029115,1,Bl122,0.86031544
1954.387779,1954.468779,0,Bl122,2.3800345e-15
526.688416,526.723416,0,Or61,0.00043455756
2120.841183,2121.033183,0,Bl122,9.6065486e-27
2232.698183,2232.722183,0,Bl122,3.3063232e-05
15215.38958,15215.43258,0,Ti81,8.722963e-06
2112.940183,2113.173183,0,Bl122,2.9331958e-36
15340.025971,15340.043971,0,Ti81,0.0010457251
2192.485183,2192.488183,1,Bl122,0.97741514
528.679416,528.857416,1,Or61,0.9213494
15047.574966,15047.612966,0,Ti81,3.2642407e-07
15275.674439,15275.850439,0,Ti81,1.0341086e-28
1963.035779,1963.051779,1,Bl122,0.32287878
476.835221,476.963221,0,Or61,6.490261e-25
2174.608183,2174.619183,1,Bl122,0.91697127
15216.06158,15216.16558,0,Ti81,2.4424728e-19
2195.453183,2195.553183,0,Bl122,6.877005e-06
2229.629183,2229.641183,0,Bl122,0.13149182
2065.899469,2065.920469,0,Bl122,0.00020369852
753.955271,754.049271,0,Or61,1.6425167e-14
471.961221,472.022221,1,Or61,0.9652215
15340.209971,15340.254971,0,Ti81,1.7663144e-08
2154.390183,2154.397183,1,Bl122,0.7411137
1975.675779,1975.731779,0,Bl122,7.782515e-12
510.614221,510.739221,0,Or61,3.5379644e-19
7492.802261,7492.877261,0,Li145,1.3415021e-07
15328.987625,15329.011625,0,Ti81,0.0016771676
7492.101261,7492.279261,0,Li145,9.705274e-25
1960.411779,1960.471779,0,Bl122,1.4536727e-09
5707.547085,5707.588085,0,Li145,7.0400597e-06
403.204692,403.252692,1,Or61,0.89993846
771.764271,771.773271,1,Or61,0.9555863
15094.631823,15094.846823,0,Ti81,6.16326e-33
4922.428507,4922.499507,0,Li145,1.04842635e-16
2096.078961,2096.081961,1,Bl122,0.97741514
2035.140469,2035.148469,1,Bl122,0.10091172
579.52371,579.79171,0,Or61,3.2805542e-35
737.355271,737.410271,0,Or61,1.4149595e-08
615.510417,615.693417,0,Or61,5.2707327e-32
845.905385,846.093812,0,Ti81,3.0665142e-36
2029.062908,2029.065908,1,Bl122,0.97741514
3419.533047,3419.657555,0,Ti81,3.9240292e-22
2066.092469,2066.102469,0,Bl122,0.002233597
504.155221,504.269221,1,Or61,0.041446228
7569.371558,7569.390558,0,Li145,0.00017051015
759.517271,759.521271,1,Or61,0.92834646
15284.605439,15284.825439,0,Ti81,2.4447764e-33
186.803971,187.028971,0,Or61,3.1684675e-22
552.500416,552.529416,0,Or61,7.1204454e-07
6299.398561,6299.430561,0,Li145,0.000120621466
713.997271,714.008271,0,Or61,0.014178749
2062.926469,2062.940469,1,Bl122,0.8989286
2001.221779,2001.228779,1,Bl122,0.73071206
2187.140183,2187.145183,0,Bl122,0.9705061
2126.917183,2126.927183,1,Bl122,0.98522145
542.153416,542.399416,0,Or61,3.8769473e-32
15231.626443,15231.647443,0,Ti81,1.5160793e-05
733.801271,733.837271,0,Or61,1.3989161e-05
565.565416,565.591416,0,Or61,1.2659052e-07
2097.946961,2097.950961,1,Bl122,0.6379441
766.349271,766.382271,0,Or61,5.0460145e-08
2122.066183,2122.075183,1,Bl122,0.9219009
476.601221,476.665221,0,Or61,1.7893359e-11
5705.145085,5705.225085,0,Li145,2.0270185e-11
15024.398601,15024.523866,0,Ti81,4.357217e-20
1796.613115,1796.879115,0,Bl122,1.0427227e-31
187.614971,187.635971,0,Or61,6.8074394e-07
734.397271,734.403271,1,Or61,0.87286174
2001.450779,2001.454779,1,Bl122,0.9313815
15344.241971,15344.786971,0,Ti81,3.4166434e-34
819.499882,819.636882,0,Or61,2.0545261e-26
792.993827,793.048827,0,Or61,6.9658674e-09
2209.700183,2209.709183,1,Bl122,0.9816342
1794.781115,1794.784115,1,Bl122,0.97741514
6949.559842,6949.563842,1,Li145,0.9582205
535.267416,535.346416,0,Or61,6.202034e-14
3583.396686,3583.414686,0,Li145,0.00033138695
2221.208183,2221.216183,1,Bl122,0.97741514
2083.561961,2083.614961,1,Bl122,0.8254813
15143.735403,15143.779403,0,Ti81,1.5213002e-06
8084.037803,8084.054803,0,Li145,3.3844564e-05
472.173221,472.181221,1,Or61,0.9515824
761.801271,761.836271,0,Or61,3.1689236e-05
7493.381261,7493.398261,0,Li145,0.0009834779
5888.526515,5888.581515,0,Li145,4.126537e-11
2172.038183,2172.132183,0,Bl122,9.7834074e-14
2076.087823,2076.140823,0,Bl122,1.5133646e-11
1783.340323,1783.386323,0,Bl122,5.451337e-13
15256.512114,15256.723114,0,Ti81,1.4404575e-28
198.015012,198.079012,0,Or61,7.961633e-12
495.796221,495.833221,1,Or61,0.99298275
1951.509779,1951.653779,0,Bl122,4.7697505e-15
526.621416,526.648416,0,Or61,0.0013489608
2218.864183,2219.113183,0,Bl122,2.8203942e-15
501.483221,501.641221,0,Or61,5.2561796e-23
15045.935061,15046.003181,0,Ti81,5.671076e-14
1982.234779,1982.285779,0,Bl122,9.345379e-12
537.034416,537.067416,0,Or61,0.00093083346
15039.660469,15039.69024,0,Ti81,0.00031660259
1946.683779,1946.777779,0,Bl122,1.9135991e-17
15252.197074,15252.322074,0,Ti81,8.171634e-17
2139.678183,2139.686183,1,Bl122,0.68366945
1960.474779,1960.531779,0,Bl122,2.4070487e-10
7554.937715,7555.102715,0,Li145,9.889034e-32
4.13615,4.24015,0,Or61,9.467769e-17
627.056417,627.100417,1,Or61,0.9873394
499.253221,499.283221,0,Or61,1.5711992e-08
15306.603373,15306.893373,0,Ti81,3.086733e-30
15050.695966,15050.928909,0,Ti81,1.9306129e-10
531.395416,531.418416,1,Or61,0.95946586
817.288882,817.689882,0,Or61,2.9556564e-31
725.516271,725.615271,0,Or61,1.5059254e-13
723.848271,723.854271,1,Or61,0.9772046
2136.809183,2136.868183,0,Bl122,1.0929617e-09
15058.767966,15058.820966,0,Ti81,5.0085507e-08
6299.191561,6299.196561,1,Li145,0.87425137
7546.254781,7546.258781,1,Li145,0.60911894
505.237221,505.242221,1,Or61,0.9313763
2219.232183,2219.273183,0,Bl122,9.543757e-09
717.737271,717.776271,0,Or61,4.1928768e-05
1791.502115,1791.505115,1,Bl122,0.97741514
353.114993,353.302993,0,Or61,5.3446925e-33
2223.232183,2223.298183,0,Bl122,0.0010026676
15061.558966,15061.842966,0,Ti81,5.776881e-38
15348.379971,15348.673971,0,Ti81,1.6798071e-33
187.346971,187.399971,0,Or61,1.622034e-11
632.184417,632.195417,1,Or61,0.9400804
2162.839183,2162.843183,1,Bl122,0.9188692
2167.720183,2167.909183,0,Bl122,7.058544e-30
2119.637183,2119.719183,0,Bl122,4.5203167e-17
227.467275,227.490275,0,Or61,1.2871917e-06
747.259271,747.264271,1,Or61,0.28554657
811.457882,811.477882,0,Or61,0.00061600027
498.511221,498.763221,0,Or61,1.8693784e-31
6956.971877,6956.983877,0,Li145,0.80274636
15155.970257,15156.129257,0,Ti81,6.2965646e-22
543.346416,543.376416,0,Or61,7.951131e-06
7220.219918,7220.258918,0,Li145,1.1670816e-06
3449.887239,3450.078329,0,Ti81,0.000117225776
545.800416,545.837416,0,Or61,1.6621495e-08
614.094417,614.173417,0,Or61,2.5333273e-14
480.139221,480.192221,1,Or61,0.99804175
1983.762779,1983.833779,0,Bl122,1.1558253e-09
15020.976085,15021.094537,0,Ti81,2.8931279e-18
2223.334183,2223.373183,1,Bl122,0.9876895
15096.402823,15096.466823,0,Ti81,1.01445505e-10
15094.483823,15094.507823,0,Ti81,0.026012119
711.454271,711.592271,0,Or61,4.6813922e-20
2097.604961,2097.723961,0,Bl122,3.94129e-18
756.594271,756.682271,0,Or61,2.2889324e-14
2200.010183,2200.015183,1,Bl122,0.97741514
5835.328068,5835.364068,0,Li145,2.0211212e-07
810.071882,810.076882,1,Or61,0.54671806
2222.237183,2222.240183,1,Bl122,0.97741514
2068.877469,2068.996469,1,Bl122,4.8293664e-06
2001.080779,2001.099779,1,Bl122,0.7851301
757.624271,757.662271,0,Or61,3.6218585e-06
2128.322183,2128.331183,1,Bl122,0.87730086
786.666827,786.693827,0,Or61,3.1747222e-05
2095.115961,2095.149961,0,Bl122,7.032089e-05
2001.763779,2001.886779,0,Bl122,1.3935274e-12
2122.423183,2122.428183,1,Bl122,0.9030915
2099.508961,2099.538961,1,Bl122,0.6144269
430.285962,430.370962,0,Or61,4.9362915e-16
2039.791815,2039.809815,0,Li145,0.08031644
1969.639779,1969.645779,1,Bl122,0.97741514
1791.510115,1791.767115,0,Bl122,9.982483e-28
534.130416,534.311416,0,Or61,1.2378588e-29
3579.726097,3579.746097,0,Li145,0.026619663
526.504416,526.538416,0,Or61,0.0005910649
3544.672186,3544.686315,0,Ti81,0.00035804047
1987.845779,1987.850779,1,Bl122,0.92131066
15298.228664,15298.244664,0,Ti81,0.0036505035
15314.658428,15314.708428,0,Ti81,3.8373116e-08
2119.264183,2119.496183,0,Bl122,9.737619e-31
15316.835428,15317.005428,0,Ti81,1.5319623e-27
637.896417,637.982417,0,Or61,4.9195777e-13
3580.002097,3580.028097,0,Li145,5.310155e-05
7220.262918,7220.355918,0,Li145,4.8499294e-15
2145.394183,2145.411183,1,Bl122,0.955235
3412.24637,3412.263526,0,Ti81,0.00012989326
15204.98058,15205.01558,0,Ti81,8.202883e-06
2054.520469,2054.538469,1,Bl122,0.98872584
387.562161,387.652161,0,Or61,6.3702473e-16
564.882416,564.885416,1,Or61,0.9640559
2216.663183,2216.666183,1,Bl122,0.9361922
2121.332183,2121.335183,1,Bl122,0.9622266
2040.865469,2040.915469,0,Bl122,4.368895e-15
15221.140443,15221.271443,0,Ti81,1.6854613e-19
2162.095183,2162.218183,0,Bl122,1.5340243e-15
15214.98658,15215.00358,0,Ti81,6.713812e-06
15138.766989,15138.840989,0,Ti81,1.28985584e-14
15047.224966,15047.252966,0,Ti81,8.455563e-06
728.374271,728.394271,0,Or61,2.175975e-06
15289.316439,15289.584134,0,Ti81,0.00041649668
15071.915682,15071.939682,0,Ti81,2.0325759e-05
227.493275,227.524275,0,Or61,1.4020804e-08
391.150161,391.189161,0,Or61,2.3554269e-07
1801.665115,1801.691115,0,Bl122,3.7345973e-08
1955.483779,1955.486779,1,Bl122,0.97741514
3439.604931,3439.65766,0,Ti81,2.059878e-07
2159.626183,2159.704183,0,Bl122,3.974436e-11
15209.915925,15210.01658,0,Ti81,6.4718657e-18
2235.475183,2235.642183,0,Bl122,2.5598185e-10
1975.514779,1975.553779,1,Bl122,0.82868195
2117.971183,2118.082183,0,Bl122,9.1134334e-18
538.954416,538.980416,0,Or61,2.2660874e-05
1966.030779,1966.229779,0,Bl122,2.317756e-14
544.196416,544.214416,0,Or61,0.00020134926
1978.521779,1978.535779,1,Bl122,0.9600239
2151.041183,2151.048183,1,Bl122,0.85336286
199.721012,199.737012,0,Or61,6.204541e-05
15033.090186,15033.194888,0,Ti81,1.7484592e-15
2083.100961,2083.104961,1,Bl122,0.9743523
1986.911779,1987.130779,0,Bl122,1.1048407e-37
1790.279115,1790.300115,0,Bl122,5.4529232e-06
2231.652183,2231.700183,0,Bl122,2.927254e-14
182.078971,182.087971,1,Or61,0.8155499
487.600221,487.652221,1,Or61,0.9978836
2002.304779,2002.316779,1,Bl122,0.97741514
2164.050183,2164.104183,0,Bl122,2.7726291e-12
2109.854082,2109.883082,0,Bl122,3.5859058e-09
793.259827,793.263827,1,Or61,0.98356485
15314.449428,15314.582428,0,Ti81,6.3182775e-19
15116.809981,15116.849981,0,Ti81,3.7117436e-09
2143.821183,2144.061183,0,Bl122,6.0042294e-32
2057.932469,2057.936469,1,Bl122,0.97741514
430.506962,430.578962,0,Or61,1.3487101e-11
2203.730183,2203.735183,1,Bl122,0.97741514
750.186271,750.231271,0,Or61,7.786843e-05
493.396221,493.496221,1,Or61,0.93170625
2167.196183,2167.208183,0,Bl122,0.009963457
636.442417,636.450417,1,Or61,0.93770736
484.386221,484.400221,1,Or61,0.77364624
2131.718183,2131.724183,1,Bl122,0.87939346
2177.634183,2177.678183,1,Bl122,0.59022415
490.773221,490.777221,1,Or61,0.97741514
2151.007183,2151.015183,1,Bl122,0.97741514
2129.446183,2129.513183,0,Bl122,9.377853e-13
2099.182961,2099.346961,0,Bl122,4.8472786e-25
483.161221,483.408221,0,Or61,2.6822388e-31
2068.720469,2068.813469,1,Bl122,0.9827313
15124.178981,15124.313981,0,Ti81,5.5336662e-21
3467.577641,3467.614287,0,Ti81,3.2537027e-05
2151.581183,2151.588183,1,Bl122,0.74956286
15238.115874,15238.186874,0,Ti81,8.633671e-12
15106.944256,15107.089256,0,Ti81,4.8567604e-23
2085.771961,2085.847961,0,Bl122,2.061806e-13
15070.874673,15071.086682,0,Ti81,4.1670534e-35
15090.3799,15090.4059,0,Ti81,0.000100237055
828.52827,828.745245,0,Ti81,1.5550464e-30
2216.996183,2216.999183,1,Bl122,0.97741514
15047.993966,15048.026966,0,Ti81,0.0011886129
2083.226961,2083.413961,0,Bl122,4.3503508e-23
15100.372823,15100.624823,0,Ti81,2.1045037e-30
3542.515059,3542.613959,0,Ti81,1.0891689e-15
2192.498183,2192.692183,0,Bl122,6.2783765e-32
501.180221,501.198221,0,Or61,7.3184674e-05
15116.863981,15116.913981,0,Ti81,1.3528552e-08
15273.043439,15273.112439,0,Ti81,1.4878254e-12
15263.222358,15263.289358,0,Ti81,5.3074466e-08
15034.13141,15034.208612,0,Ti81,8.972795e-14
1949.049779,1949.071779,1,Bl122,0.7209846
2133.398183,2133.425183,1,Bl122,0.9817498
15259.556114,15259.582114,0,Ti81,0.000397038
1959.823779,1959.928779,0,Bl122,0.014101973
513.567221,513.780221,0,Or61,4.2383714e-31
1973.847779,1973.861779,1,Bl122,0.9917549
14931.047576,14931.078861,0,Ti81,3.5469923e-06
509.348221,509.368221,0,Or61,0.008177806
1960.317779,1960.320779,1,Bl122,0.8086634
1788.671115,1788.703115,1,Bl122,0.7900605
15031.93013,15031.982482,0,Ti81,2.0667672e-07
490.430221,490.481221,1,Or61,0.98752415
2168.153183,2168.182183,1,Bl122,0.8392223
2220.429183,2220.432183,1,Bl122,0.97741514
15085.4839,15085.5479,0,Ti81,2.0080434e-11
2172.193183,2172.197183,1,Bl122,0.95682347
3446.033045,3446.092587,0,Ti81,1.8826646e-12
2227.571183,2227.624183,1,Bl122,0.6022456
816.907882,817.021882,0,Or61,1.5992589e-21
409.975602,410.023602,0,Or61,2.5365875e-06
2086.766961,2086.904961,0,Bl122,3.3025907e-20
1958.745779,1958.805779,0,Bl122,6.605313e-08
1808.833926,1808.850926,0,Bl122,0.00051026617
2013.664959,2013.668959,1,Bl122,0.93421274
514.929221,515.154221,0,Or61,2.2150524e-31
2137.027183,2137.071183,0,Bl122,4.3501274e-07
15138.092989,15138.167989,0,Ti81,3.1186733e-14
2037.912469,2037.921469,1,Bl122,0.8093031
15049.431966,15049.585966,0,Ti81,2.8014077e-20
2095.813961,2095.839961,0,Bl122,4.645495e-08
2206.213183,2206.254183,1,Bl122,0.98712975
2207.720183,2207.724183,1,Bl122,0.92729783
602.948417,602.973417,0,Or61,0.0015409514
756.437271,756.578271,0,Or61,3.3618702e-23
2061.347469,2061.656469,0,Bl122,1.13371575e-36
2162.816183,2162.837183,0,Bl122,5.54884e-05
1953.403779,1953.408779,1,Bl122,0.97741514
2166.900183,2166.914183,0,Bl122,0.0048411624
2072.700469,2072.787469,0,Bl122,1.36021e-13
789.490827,789.541827,0,Or61,2.779925e-09
5696.371353,5696.488353,0,Li145,1.9744815e-22
15327.608625,15327.798625,0,Ti81,3.212334e-34
15138.562989,15138.646989,0,Ti81,5.5179606e-14
611.751417,611.756417,1,Or61,0.9390679
1999.071779,1999.123779,0,Bl122,2.669122e-13
111.562667,111.753667,0,Bl122,2.9557117e-24
2159.250183,2159.281183,0,Bl122,8.6729015e-05
601.108417,601.143417,0,Or61,0.00040629704
600.746417,600.965417,0,Or61,2.2865235e-18
499.039221,499.251221,0,Or61,1.9099006e-33
2167.688183,2167.703183,1,Bl122,0.9861894
504.875221,504.891221,0,Or61,0.0010106359
488.397221,488.421221,1,Or61,0.92614293
1960.642779,1960.655779,1,Bl122,0.11691096
396.291529,396.345529,0,Or61,7.018702e-14
15241.614874,15241.788874,0,Ti81,8.464703e-25
1798.897115,1798.921115,0,Bl122,8.904597e-06
2175.463183,2175.514183,1,Bl122,0.96700335
747.815271,747.835271,0,Or61,9.096483e-06
2227.658183,2227.664183,1,Bl122,0.9012657
1942.795779,1942.799779,1,Bl122,0.85249734
1956.494779,1956.497779,1,Bl122,0.97741514
398.114529,398.146529,0,Or61,9.1924015e-09
607.285417,607.305417,0,Or61,0.0013142269
501.210221,501.271221,1,Or61,0.97237486
200.360012,200.362012,1,Or61,0.97741514
479.215221,479.236221,0,Or61,1.5287205e-05
925.205939,925.321995,0,Ti81,5.002909e-15
1774.566974,1774.573974,1,Bl122,0.975529
600.405417,600.408417,1,Or61,0.88955057
1785.78743,1785.92343,0,Bl122,1.1837808e-21
2226.734183,2226.739183,1,Bl122,0.84555364
627.035417,627.038417,1,Or61,0.94096607
615.259417,615.266417,1,Or61,0.89468026
577.40271,577.48971,0,Or61,9.825846e-09
2224.573183,2224.578183,1,Bl122,0.92638826
586.14673,586.15573,1,Or61,0.98497874
620.131417,620.207417,0,Or61,9.834558e-14
2167.588183,2167.662183,0,Bl122,1.1011232e-07
735.013271,735.019271,1,Or61,0.8690704
2192.101183,2192.110183,1,Bl122,0.8474525
1989.358779,1989.380779,1,Bl122,0.5055041
526.820416,526.824416,1,Or61,0.9498111
485.420221,485.557221,0,Or61,4.6335088e-05
1804.99105,1805.09505,0,Bl122,0.00011701247
2154.279183,2154.298183,1,Bl122,0.81015515
9038.124853,9038.280853,0,Li145,1.1306714e-20
2058.936469,2058.962469,1,Bl122,0.3956282
2077.371823,2077.403823,0,Bl122,1.8266975e-09
15139.052989,15139.098989,0,Ti81,1.277778e-08
15148.455716,15148.525716,0,Ti81,3.5269782e-10
2202.109183,2202.126183,1,Bl122,0.435828
15161.432257,15161.488257,0,Ti81,8.866302e-09
569.95899,570.14599,0,Or61,1.2006673e-28
15042.283334,15042.355995,0,Ti81,4.746416e-12
735.027271,735.212271,0,Or61,3.6251602e-31
1769.715657,1769.824657,1,Bl122,4.8896777e-06
2063.168469,2063.172469,1,Bl122,0.88427246
544.130416,544.182416,0,Or61,4.250434e-12
3542.706299,3542.894259,0,Ti81,7.2669715e-33
2161.533183,2161.549183,1,Bl122,0.9677863
753.712271,753.859271,0,Or61,3.7442512e-21
15164.769257,15164.807257,0,Ti81,1.1544341e-05
5911.127207,5911.150207,0,Li145,3.8102218e-07
2152.738183,2152.745183,1,Bl122,0.88137764
1969.555779,1969.598779,1,Bl122,0.5848015
636.247417,636.304417,0,Or61,8.833058e-11
609.603417,609.605417,1,Or61,0.97741514
15052.237966,15052.300966,0,Ti81,2.5060634e-14
15133.864989,15134.038989,0,Ti81,5.5328894e-27
2035.302469,2035.369469,0,Bl122,8.527668e-12
750.886271,750.905271,0,Or61,5.493556e-07
183.891971,183.899971,1,Or61,0.9581421
727.322271,727.341271,0,Or61,0.042158652
487.247221,487.271221,1,Or61,0.97441727
8084.391803,8084.397803,1,Li145,0.95579636
3413.718389,3413.899285,0,Ti81,2.3821128e-24
15052.503966,15052.625966,0,Ti81,7.5396404e-18
625.009417,625.014417,1,Or61,0.9755515
807.062882,807.261882,0,Or61,5.9141654e-32
2139.749183,2139.754183,1,Bl122,0.85672426
2217.114183,2217.148183,1,Bl122,0.9617647
792.918827,792.990827,0,Or61,3.0560645e-12
615.827417,615.946417,0,Or61,9.001658e-11
2047.869469,2047.873469,1,Bl122,0.97741514
627.533417,627.536417,1,Or61,0.9723341
15055.795966,15055.953017,0,Ti81,3.2629177e-21
15159.388257,15159.583257,0,Ti81,1.5126911e-31
561.113416,561.390416,0,Or61,5.005749e-32
2216.079183,2216.159183,0,Bl122,4.4927065e-14
15073.576682,15073.858682,0,Ti81,2.6132607e-36
2100.251961,2100.334961,0,Bl122,4.330217e-16
9046.873911,9046.922911,0,Li145,1.30575195e-11
1808.854926,1808.880926,0,Bl122,4.9724035e-06
15057.500966,15057.529966,0,Ti81,6.0206894e-06
489.730221,489.770221,1,Or61,0.99277157
15029.734149,15029.764425,0,Ti81,5.7829663e-08
8864.701987,8864.776987,0,Li145,7.42242e-15
1981.000779,1981.089779,0,Bl122,6.612056e-12
605.383417,605.665417,0,Or61,8.621406e-36
405.271692,405.442692,0,Or61,6.8960486e-33
1784.63043,1784.70743,0,Bl122,8.3640785e-17
589.403867,589.512867,0,Or61,7.9750215e-20
797.730827,797.848827,0,Or61,7.071366e-17
705.758271,705.769271,0,Or61,0.0015624758
2140.663183,2140.722183,0,Bl122,5.1459277e-09
2183.248183,2183.400183,0,Bl122,1.4794034e-24
2040.515815,2040.528815,1,Li145,0.8809495
2196.762183,2196.850183,0,Bl122,5.096891e-13
28.535557,28.652557,0,Li145,3.9827777e-14
15341.006971,15341.053971,0,Ti81,6.6422636e-09
780.847878,780.900878,0,Or61,1.8029978e-06
2200.791183,2200.794183,1,Bl122,0.97741514
529.931416,530.031416,0,Or61,7.145744e-14
2146.167183,2146.419183,0,Bl122,1.9308704e-29
2070.195469,2070.260469,0,Bl122,4.1254023e-12
718.590271,718.607271,0,Or61,0.00038061242
1950.644779,1950.675779,0,Bl122,3.993237e-10
2234.648183,2234.657183,1,Bl122,0.9831449
15105.012256,15105.064256,0,Ti81,4.0634912e-11
2202.099183,2202.104183,1,Bl122,0.97741514
742.959271,743.029271,0,Or61,1.2464147e-13
2173.569183,2173.839183,0,Bl122,4.0476253e-19
798.483827,798.524827,1,Or61,0.8703723
15057.080966,15057.183966,0,Ti81,3.8265195e-14
489.509221,489.720221,0,Or61,4.6363283e-25
1984.497779,1984.665779,0,Bl122,7.5998366e-28
1995.862779,1995.881779,0,Bl122,0.0010921827
15070.377682,15070.573682,0,Ti81,1.0004601e-33
2202.006183,2202.010183,1,Bl122,0.9633357
1978.499779,1978.516779,1,Bl122,0.9913018
657.695685,657.715685,0,Li145,0.002167497
3583.254686,3583.264686,0,Li145,0.04828578
1978.609779,1978.629779,1,Bl122,0.984937
563.284416,563.295416,1,Or61,0.80068594
329.017967,329.029967,0,Or61,0.00034305625
815.911882,815.914882,1,Or61,0.97741514
610.126417,610.172417,0,Or61,6.127713e-09
2126.409183,2126.432183,1,Bl122,0.99531674
2109.240082,2109.321082,0,Bl122,1.2923677e-14
737.416271,737.422271,0,Or61,0.28743
15078.239682,15078.281682,0,Ti81,3.5308457e-07
563.576416,563.668416,0,Or61,1.8655452e-07
7546.982781,7547.024781,0,Li145,1.3980846e-07
15223.7125,15223.722866,0,Ti81,0.21955454
15110.228256,15110.256256,0,Ti81,7.865234e-05
754.825271,755.048271,0,Or61,5.0729097e-34
472.606221,472.631221,1,Or61,0.7972704
618.026417,618.224417,0,Or61,6.721013e-38
2158.653183,2158.658183,1,Bl122,0.9490541
1783.287323,1783.292323,1,Bl122,0.9742252
550.335416,550.414416,0,Or61,3.775479e-19
15309.205373,15309.337373,0,Ti81,3.3352025e-21
1984.746779,1984.806779,1,Bl122,0.9867177
1987.489779,1987.506779,1,Bl122,0.9572508
2144.646183,2144.650183,1,Bl122,0.6028265
610.894417,610.956417,0,Or61,8.737267e-06
2211.608183,2211.611183,1,Bl122,0.98326796
15235.624874,15235.660874,0,Ti81,9.562211e-06
532.844416,532.848416,1,Or61,0.3897658
2197.730183,2197.734183,1,Bl122,0.97741514
5717.788253,5718.015253,0,Li145,3.102194e-32
15042.569942,15042.602169,0,Ti81,2.2839626e-05
3439.759083,3440.099682,0,Ti81,3.0486876e-31
2231.312183,2231.343183,1,Bl122,0.5515184
2233.139183,2233.145183,1,Bl122,0.9758129
15298.761664,15298.834664,0,Ti81,8.969566e-13
552.377416,552.495416,0,Or61,1.4282235e-20
504.927221,504.963221,0,Or61,3.142602e-09
15231.658443,15231.695443,0,Ti81,0.00013245345
487.446221,487.449221,1,Or61,0.97741514
2107.480377,2107.603377,0,Bl122,4.206252e-17
602.549417,602.551417,1,Or61,0.97741514
746.077271,746.080271,1,Or61,0.97741514
475.388221,475.439221,1,Or61,0.86060625
2215.742183,2215.747183,1,Bl122,0.920015
705.744271,705.756271,0,Or61,1.1589235e-05
2061.661469,2061.764469,0,Bl122,4.253859e-22
2189.979183,2189.992183,1,Bl122,0.97741514
1973.379779,1973.430779,1,Bl122,0.9506071
3416.197068,3416.365223,0,Ti81,4.1495646e-24
1938.835779,1938.889779,0,Bl122,0.007614307
2037.938469,2037.948469,1,Bl122,0.98441225
793.062827,793.121827,0,Or61,4.2851738e-13
2122.103183,2122.274183,0,Bl122,1.9105166e-29
15142.84692,15143.031481,0,Ti81,6.0701916e-07
615.248417,615.256417,1,Or61,0.6774901
2184.187183,2184.197183,0,Bl122,0.003429767
2038.476469,2038.531469,1,Bl122,0.967534
546.176416,546.197416,0,Or61,0.042878836
15221.878519,15221.894826,0,Ti81,0.00014490106
796.692827,796.861827,0,Or61,3.0415887e-32
541.242416,541.287416,0,Or61,9.781753e-09
2008.384779,2008.410779,1,Bl122,0.98423415
2154.707183,2154.734183,0,Bl122,7.845455e-08
15236.603874,15236.773874,0,Ti81,4.5292616e-23
15132.460989,15132.546989,0,Ti81,3.6763114e-12
505.257221,505.367221,0,Or61,2.8938923e-16
2095.973961,2095.986961,1,Bl122,0.5558854
2125.658183,2125.686183,1,Bl122,0.79996276
1939.435779,1939.438779,1,Bl122,0.97741514
510.372221,510.377221,1,Or61,0.9213996
471.566221,471.611221,0,Or61,5.262583e-06
544.242416,544.347416,0,Or61,6.8040797e-15
718.108271,718.131271,0,Or61,1.2459386e-06
611.372417,611.374417,1,Or61,0.97741514
2221.806183,2221.828183,1,Bl122,0.20493917
14768.693316,14768.870554,0,Ti81,2.3081377e-30
1948.309779,1948.417779,0,Bl122,8.050694e-11
619.051417,619.059417,1,Or61,0.9757189
1785.57643,1785.61343,0,Bl122,1.2159426e-09
611.150417,611.266417,0,Or61,6.092123e-20
5842.191404,5842.211404,0,Li145,0.00052648084
2227.088183,2227.326183,0,Bl122,7.7900363e-29
15316.448428,15316.508428,0,Ti81,4.4585613e-07
2217.979183,2218.000183,1,Bl122,0.99358255
514.695221,514.711221,1,Or61,0.010169264
1948.001779,1948.049779,0,Bl122,1.8094622e-10
9168.543583,9168.573583,0,Li145,4.95314e-05
610.371417,610.397417,0,Or61,1.0287424e-05
1963.662779,1963.890779,0,Bl122,3.948013e-27
15326.255488,15326.368488,0,Ti81,2.1774778e-16
2180.564183,2180.652183,0,Bl122,3.0825843e-12
745.138271,745.248271,0,Or61,6.0674124e-16
185.775971,185.815971,0,Or61,2.4689678e-06
675.696078,675.778078,0,Or61,4.1479968e-17
183.607971,183.661971,1,Or61,0.2795775
2069.068469,2069.073469,1,Bl122,0.97741514
15036.810537,15037.102191,0,Ti81,4.0175665e-34
187.485971,187.514971,0,Or61,9.327308e-06
2069.318469,2069.346469,0,Bl122,2.6504242e-08
2152.410183,2152.414183,1,Bl122,0.95268655
3446.565767,3446.866251,0,Ti81,1.64294e-36
209.475642,209.867642,0,Or61,4.6804073e-29
2013.431959,2013.482959,0,Bl122,3.1521036e-10
612.681417,612.718417,1,Or61,0.9858608
8083.956803,8083.958803,1,Li145,0.97741514
621.479417,621.543417,0,Or61,1.5423257e-13
2212.275183,2212.350183,0,Bl122,0.6932625
386.736161,386.783161,0,Or61,3.587363e-09
2178.061183,2178.081183,1,Bl122,0.6320872
3624.532464,3624.551464,0,Li145,6.415733e-05
737.310271,737.337271,0,Or61,0.00010620927
1958.592779,1958.743779,0,Bl122,1.0059075e-22
1937.744779,1937.915779,0,Bl122,4.0403115e-06
2129.656183,2129.751183,0,Bl122,1.23639e-16
803.785882,803.804882,0,Or61,0.00044191422
7555.286715,7555.310715,0,Li145,0.7090579
738.914271,738.938271,0,Or61,0.00088355213
9537.295343,9537.311343,0,Li145,6.14486e-06
2198.076183,2198.093183,1,Bl122,0.8677109
5873.094637,5873.111637,0,Li145,5.7295156e-06
699.664271,699.734271,0,Or61,6.038562e-12
15165.442257,15165.511257,0,Ti81,3.6901496e-13
558.461416,558.477416,0,Or61,6.3759486e-05
542.003416,542.010416,1,Or61,0.37052384
1971.852779,1972.142779,0,Bl122,2.739605e-35
479.909221,480.136221,0,Or61,6.5937003e-25
2049.146469,2049.155469,1,Bl122,0.95166737
2220.440183,2220.509183,0,Bl122,8.7570906e-13
2134.934183,2135.117183,0,Bl122,3.8465725e-24
2211.530183,2211.540183,1,Bl122,0.99295115
6333.146902,6333.193902,0,Li145,1.29428395e-11
765.279271,765.296271,0,Or61,0.0008872189
2189.948183,2189.953183,1,Bl122,0.88999814
2095.531961,2095.567961,1,Bl122,0.99282527
6524.323903,6524.476903,0,Li145,2.8682686e-12
565.814416,565.832416,1,Or61,0.58512604
6495.642725,6495.857239,0,Ti81,1.2854247e-26
2127.255183,2127.259183,1,Bl122,0.7691367
2055.702469,2055.722469,0,Bl122,0.054629277
320.992253,321.109253,0,Li145,1.5846633e-17
2162.341183,2162.433183,1,Bl122,0.9990295
2092.237961,2092.241961,1,Bl122,0.7558088
2215.937183,2216.009183,0,Bl122,1.4372725e-15
636.564417,636.580417,1,Or61,0.9759872
213.060857,213.063857,1,Or61,0.97741514
453.599219,453.605219,1,Or61,0.84327257
15116.958981,15117.003981,0,Ti81,1.266476e-08
2006.819779,2006.822779,1,Bl122,0.97741514
512.094221,512.131221,0,Or61,5.406244e-09
1984.412779,1984.460779,1,Bl122,0.9997819
1942.558779,1942.562779,1,Bl122,0.97741514
1947.125779,1947.158779,0,Bl122,1.4588174e-08
2226.634183,2226.658183,1,Bl122,0.81129414
2132.913183,2132.952183,0,Bl122,1.4432476e-05
2068.194469,2068.201469,1,Bl122,0.97741514
2083.651961,2083.689961,1,Bl122,0.9708162
1954.245779,1954.256779,1,Bl122,0.9642433
2212.676183,2212.684183,1,Bl122,0.8996283
15121.549981,15121.988981,0,Ti81,1.6546097e-33
15160.272257,15160.474257,0,Ti81,4.421623e-31
2219.329183,2219.595183,0,Bl122,4.239642e-34
749.151271,749.185271,0,Or61,6.9454916e-05
2207.556183,2207.602183,0,Bl122,4.039432e-09
2145.679183,2145.707183,1,Bl122,0.9882875
2171.030183,2171.033183,1,Bl122,0.97741514
15241.252874,15241.429874,0,Ti81,1.6727137e-28
723.930271,724.180271,0,Or61,6.8148463e-34
2117.156183,2117.188183,0,Bl122,2.1349226e-05
15026.637725,15026.808277,0,Ti81,1.0761014e-31
3424.694511,3424.872127,0,Ti81,3.8312154e-29
15084.6819,15084.923045,0,Ti81,2.7201234e-11
2227.069183,2227.073183,1,Bl122,0.97741514
815.287882,815.334882,0,Or61,1.4625989e-06
528.072416,528.081416,1,Or61,0.98486507
565.962416,565.969416,1,Or61,0.9198185
611.981417,612.045417,0,Or61,2.8852498e-09
15128.383981,15128.404981,0,Ti81,3.1059855e-05
1791.267115,1791.270115,1,Bl122,0.97741514
488.601221,488.627221,1,Or61,0.9974718
1955.959779,1956.002779,1,Bl122,0.98680323
851.378055,851.545075,0,Ti81,8.369813e-27
2013.519959,2013.603959,0,Bl122,7.894868e-09
6296.653561,6296.822561,0,Li145,1.0742374e-27
2061.170469,2061.174469,1,Bl122,0.8395006
2119.501183,2119.613183,0,Bl122,9.3433435e-24
1797.802115,1797.929115,0,Bl122,1.1703745e-19
1956.116779,1956.279779,0,Bl122,3.841792e-24
2125.581183,2125.585183,1,Bl122,0.94948244
2191.292183,2191.415183,0,Bl122,8.836751e-18
2192.119183,2192.223183,0,Bl122,2.373776e-13
718.676271,718.678271,1,Or61,0.97741514
593.552457,593.616457,0,Or61,6.6177714e-12
96.745568,96.751568,1,Bl122,0.94984746
549.280416,549.287416,1,Or61,0.98297554
2126.013183,2126.031183,1,Bl122,0.9621065
15259.762114,15259.801114,0,Ti81,2.6430993e-08
15080.042682,15080.069682,0,Ti81,0.0060511637
475.282221,475.329221,0,Or61,3.432944e-10
808.296882,808.341882,0,Or61,5.8848796e-05
626.118417,626.163417,0,Or61,7.1559105e-09
511.786221,511.883221,0,Or61,1.4157509e-15
717.825271,718.029271,0,Or61,3.237765e-33
2083.970961,2084.014961,0,Bl122,0.00011343917
2053.509469,2053.528469,1,Bl122,0.60862005
1976.969779,1977.165779,0,Bl122,5.0964363e-27
2176.594183,2176.602183,1,Bl122,0.5051998
482.815221,482.823221,1,Or61,0.47496805
2136.725183,2136.732183,1,Bl122,0.9487742
15298.265664,15298.294664,0,Ti81,2.0990708e-06
1992.908779,1992.962779,1,Bl122,0.88131064
1964.426779,1964.433779,1,Bl122,0.82329184
15342.760971,15342.945971,0,Ti81,6.0197655e-29
15032.29331,15032.308069,0,Ti81,0.00031694656
2058.238469,2058.326469,0,Bl122,2.0069781e-12
2222.798183,2223.080183,0,Bl122,2.0078455e-25
751.826271,752.135271,0,Or61,1.5762845e-30
2132.320183,2132.339183,1,Bl122,0.925597
787.546827,787.566827,0,Or61,0.0030682513
2170.915183,2170.918183,1,Bl122,0.97741514
657.994685,658.038685,0,Li145,9.466448e-10
15034.62326,15034.663501,0,Ti81,1.8225689e-10
503.626221,503.684221,0,Or61,2.0070815e-06
552.114416,552.171416,0,Or61,0.00013658145
2148.233183,2148.267183,0,Bl122,6.648205e-10
2224.558183,2224.563183,1,Bl122,0.9577399
2057.439016,2057.682016,0,Li145,8.085502e-30
793.353827,793.363827,1,Or61,0.89095646
3451.579891,3451.73941,0,Ti81,0.0002529226
2042.585469,2042.738469,0,Bl122,9.611488e-29
512.134221,512.208221,0,Or61,1.8111322e-15
2215.598183,2215.604183,1,Bl122,0.9016801
757.147271,757.343271,0,Or61,4.4791936e-30
488.079221,488.085221,1,Or61,0.9217471
534.866416,534.898416,0,Or61,2.7695646e-07
15164.661257,15164.736257,0,Ti81,3.2439873e-12
204.296643,204.474643,0,Or61,3.1347388e-26
9537.065343,9537.086343,0,Li145,0.009857537
6287.221659,6287.289659,0,Li145,2.3583725e-14
1949.576779,1949.595779,1,Bl122,0.011539663
9172.004804,9172.025804,0,Li145,7.4179693e-06
15098.732823,15098.962823,0,Ti81,5.661608e-29
15127.347831,15127.359966,0,Ti81,0.26081172
575.69871,575.72971,0,Or61,1.7157008e-06
2229.234183,2229.238183,1,Bl122,0.92803127
15046.489355,15046.597966,0,Ti81,6.899023e-14
2186.969183,2186.972183,1,Bl122,0.97741514
15237.958874,15238.069874,0,Ti81,1.5166731e-15
6954.325285,6954.461285,0,Li145,4.1096556e-27
265.026507,265.031507,1,Or61,0.94953305
7568.267558,7568.269558,1,Li145,0.97741514
15080.166682,15080.483682,0,Ti81,7.707082e-25
2190.121183,2190.266183,0,Bl122,2.4678617e-20
397.579529,397.650529,0,Or61,1.2219172e-10
2111.069183,2111.092183,0,Bl122,3.466583e-08
503.885221,503.904221,0,Or61,1.4736059e-05
6283.246145,6283.404145,0,Li145,1.07237254e-23
2040.763815,2040.776815,0,Li145,0.0010376088
185.299971,185.340971,0,Or61,3.930694e-06
1981.779779,1981.784779,1,Bl122,0.7966065
2126.702183,2126.729183,0,Bl122,3.5190915e-05
1995.779779,1995.818779,0,Bl122,2.2691162e-09
15215.08058,15215.09858,0,Ti81,0.0078071523
750.550271,750.597271,0,Or61,7.1526476e-13
3468.287538,3468.300027,0,Ti81,0.0089174835
2044.188469,2044.501469,0,Bl122,4.2248956e-37
15053.516966,15053.554966,0,Ti81,2.6169073e-06
1983.285779,1983.506779,0,Bl122,1.821146e-27
629.177417,629.203417,0,Or61,5.3618034e-05
487.859221,487.865221,1,Or61,0.94866055
15031.797297,15031.815021,0,Ti81,0.00050167163
604.593417,604.852417,0,Or61,1.14551755e-30
500.180221,500.394221,0,Or61,1.8598614e-31
722.304271,722.573271,0,Or61,1.168861e-28
2004.043779,2004.212779,0,Bl122,1.7557538e-27
620.600417,620.652417,0,Or61,1.3212074e-10
658.136685,658.382685,0,Li145,6.960042e-30
9167.226583,9167.424583,0,Li145,8.482591e-37
1962.999779,1963.002779,1,Bl122,0.83945674
1966.486779,1966.501779,1,Bl122,0.40368667
15306.900012,15306.915181,0,Ti81,0.37042996
2201.225183,2201.401183,0,Bl122,3.0905876e-29
2080.351287,2080.538287,0,Bl122,7.414711e-33
549.779416,549.817416,0,Or61,4.1287365e-07
765.298271,765.339271,0,Or61,4.029067e-09
808.795882,808.807882,1,Or61,0.97757655
1938.916779,1938.928779,1,Bl122,0.8158781
1970.030779,1970.062779,1,Bl122,0.94394237
2186.174183,2186.394183,0,Bl122,1.6486085e-22
1786.08743,1786.31043,0,Bl122,7.911905e-27
2114.614183,2114.617183,1,Bl122,0.8457995
1979.978779,1980.334779,0,Bl122,8.4064845e-34
502.508221,502.514221,0,Or61,0.97741514
1941.438779,1941.458779,1,Bl122,0.9806444
2193.080183,2193.148183,0,Bl122,1.037028e-09
86.604668,86.792668,0,Bl122,2.7733101e-24
2086.129961,2086.360961,0,Bl122,8.973894e-32
772.994271,773.017271,0,Or61,0.0010100396
6953.038285,6953.205285,0,Li145,2.7935636e-28
15237.657874,15237.699874,0,Ti81,3.7661079e-07
2013.179959,2013.191959,1,Bl122,0.85876244
565.935416,565.959416,1,Or61,0.99459225
2097.113961,2097.242961,0,Bl122,6.9552667e-22
2045.002469,2045.043469,0,Bl122,0.00021102988
2077.858823,2078.090823,0,Bl122,1.391861e-32
2081.143287,2081.179287,0,Bl122,4.432158e-07
565.423416,565.558416,0,Or61,9.443484e-19
275.514949,275.597949,0,Or61,5.156386e-11
1966.675779,1966.701779,1,Bl122,0.0044476995
1938.711779,1938.734779,1,Bl122,0.3348287
2007.966779,2007.996779,0,Bl122,9.443046e-07
510.930221,510.973221,0,Or61,2.8939318e-08
750.320271,750.379271,0,Or61,2.4308708e-09
15133.321989,15133.477989,0,Ti81,1.2428165e-23
3583.662686,3583.667686,1,Li145,0.9344324
3628.552671,3628.718671,0,Li145,2.7700058e-28
2004.320779,2004.324779,1,Bl122,0.9059596
15043.668185,15043.708678,0,Ti81,8.1125016e-08
505.113221,505.156221,1,Or61,0.99490947
2039.509469,2039.612469,0,Bl122,2.9485649e-21
399.245529,399.255529,1,Or61,0.97749627
552.903416,553.134416,0,Or61,3.9436833e-32
1989.663779,1989.766779,1,Bl122,0.20634724
1950.607779,1950.641779,0,Bl122,1.1753331e-07
9176.127719,9176.191719,0,Li145,1.4534271e-15
2055.135469,2055.150469,0,Bl122,0.0054719206
2005.296779,2005.374779,0,Bl122,0.00035300505
2218.806183,2218.857183,0,Bl122,1.2133287e-05
798.887827,798.952827,0,Or61,2.089177e-12
2151.054183,2151.258183,0,Bl122,3.138123e-27
736.827271,736.868271,0,Or61,1.9047888e-11
793.732827,793.746827,0,Or61,0.0018080858
2045.201361,2045.386361,0,Li145,6.985999e-24
197.618012,197.781012,0,Or61,4.9113764e-27
601.945417,601.978417,0,Or61,9.0870235e-06
485.261221,485.334221,1,Or61,0.90505695
3543.277496,3543.326442,0,Ti81,2.08224e-07
1951.381779,1951.422779,1,Bl122,0.5359013
2151.388183,2151.428183,1,Bl122,0.9954057
578.03071,578.05571,0,Or61,7.5168465e-08
485.929221,486.183221,0,Or61,4.514384e-34
2215.445183,2215.462183,1,Bl122,0.9489616
480.552221,480.622221,1,Or61,0.14757928
754.612271,754.631271,0,Or61,3.6838267e-07
528.230416,528.241416,1,Or61,0.15501419
480.196221,480.254221,1,Or61,0.99259067
2164.204183,2164.207183,1,Bl122,0.97741514
637.555417,637.568417,0,Or61,0.0062085465
1992.883779,1992.887779,1,Bl122,0.8819812
510.086221,510.116221,0,Or61,2.6801366e-09
15032.494011,15032.577269,0,Ti81,4.2020725e-14
2165.394183,2165.417183,1,Bl122,0.9866785
1956.750779,1956.776779,1,Bl122,0.29449368
589.398867,589.401867,1,Or61,0.97741514
15215.24658,15215.34558,0,Ti81,1.7568231e-15
2094.456961,2094.607961,0,Bl122,5.025548e-26
1989.777779,1989.781779,1,Bl122,0.97741514
749.278271,749.286271,1,Or61,0.39280143
803.762882,803.778882,0,Or61,1.32005725e-05
15178.552145,15178.753145,0,Ti81,1.1028627e-35
2067.737469,2067.741469,1,Bl122,0.9584679
2199.142183,2199.148183,1,Bl122,0.8677735
7565.961558,7566.074558,0,Li145,3.6348369e-25
2136.444183,2136.449183,1,Bl122,0.97741514
2216.980183,2216.993183,1,Bl122,0.81761557
2155.727183,2155.733183,1,Bl122,0.97207
15071.088682,15071.142682,0,Ti81,2.989716e-08
505.926221,505.937221,0,Or61,0.0012981471
2198.970183,2198.998183,0,Bl122,5.6139107e-09
6947.039821,6947.101821,0,Li145,2.7719773e-09
2140.725183,2140.767183,0,Bl122,6.969229e-09
15271.553439,15271.934439,0,Ti81,2.7102152e-38
15164.415257,15164.432257,0,Ti81,0.0010701234
2217.666183,2217.740183,1,Bl122,0.9924274
502.002221,502.136221,0,Or61,5.93195e-16
385.872161,386.054161,0,Or61,1.024678e-25
748.605271,748.630271,0,Or61,1.9550685e-06
2055.169469,2055.178469,0,Bl122,0.008676322
15213.17858,15213.21558,0,Ti81,0.0039746533
1787.288115,1787.330115,0,Bl122,3.2492599e-06
15066.234682,15066.498682,0,Ti81,1.6840087e-34
2039.714815,2039.730815,0,Li145,0.0016643703
15343.543971,15343.661971,0,Ti81,9.08369e-18
2120.823183,2120.829183,1,Bl122,0.9287908
2044.008469,2044.081469,0,Bl122,1.7043538e-11
2087.118961,2087.154961,1,Bl122,0.9786179
1946.348779,1946.355779,1,Bl122,0.9254557
3471.593494,3471.614182,0,Ti81,0.0001849954
2181.780183,2181.786183,1,Bl122,0.8421853
814.240882,814.246882,1,Or61,0.9038927
7492.496261,7492.586261,0,Li145,3.0750566e-19
502.300221,502.466221,0,Or61,7.546299e-11
265.049507,265.161507,0,Or61,3.5927406e-15
15089.9969,15090.1439,0,Ti81,5.477728e-24
15123.407981,15123.564981,0,Ti81,5.306395e-19
547.828416,547.903416,0,Or61,5.83739e-12
1958.329779,1958.358779,1,Bl122,0.0271935
9633.804893,9633.972544,0,Ti81,4.518666e-30
2166.514183,2166.537183,1,Bl122,0.9970432
2212.526183,2212.565183,0,Bl122,8.853139e-09
5696.997353,5697.120353,0,Li145,1.2657884e-22
2231.451183,2231.456183,1,Bl122,0.97741246
2211.709183,2211.722183,1,Bl122,0.9811442
2068.685469,2068.693469,1,Bl122,0.8390167
1815.427379,1815.430379,1,Bl122,0.987188
2137.134183,2137.142183,1,Bl122,0.9713013
2098.671961,2098.698961,0,Bl122,1.9347953e-08
494.040221,494.092221,1,Or61,0.9979188
15314.846428,15314.966428,0,Ti81,8.0572904e-17
502.729221,502.740221,1,Or61,0.99071914
2137.872183,2137.943183,0,Bl122,2.45585e-13
9180.728829,9180.740829,0,Li145,0.10756862
2223.981183,2224.011183,1,Bl122,0.8749817
2110.090082,2110.277082,0,Bl122,7.270991e-26
15304.161373,15304.223373,0,Ti81,9.610385e-11
535.809416,535.887416,0,Or61,2.24671e-12
4895.874039,4896.032039,0,Li145,7.093263e-21
2092.980961,2093.061961,0,Bl122,6.6945784e-16
472.162221,472.170221,1,Or61,0.97926426
6287.299659,6287.671659,0,Li145,2.9224284e-29
15039.334881,15039.57595,0,Ti81,4.3708014e-35
15328.159625,15328.218625,0,Ti81,1.8666666e-09
2228.578183,2228.582183,1,Bl122,0.9200884
813.589882,813.649882,0,Or61,6.1785663e-06
1985.483779,1985.486779,1,Bl122,0.97741246
5911.083207,5911.105207,0,Li145,1.30714925e-05
757.926271,758.039271,0,Or61,8.017122e-18
6531.564326,6531.719326,0,Li145,9.747267e-19
2081.364287,2081.393287,0,Bl122,6.226243e-07
15274.111439,15274.157439,0,Ti81,9.341561e-09
748.535271,748.561271,0,Or61,8.280712e-06
